{
  "ed0a5089-78ec-4ada-85d3-a27ce007e7ae": {
    "player": {
      "x": 234.2119587240004,
      "y": 116.20829021831254,
      "coins": 662,
      "speed": 1.5000000000000004,
      "vision": 1.4
    }
  },
  "b3f658fa-c28b-4e06-ace6-21d38e3dffff": {
    "player": {
      "x": 345.27527727468464,
      "y": 229.79863273947504,
      "coins": 90,
      "speed": 0.6,
      "vision": 4.199999999999999
    }
  },
  "0bb681c5-687b-4a82-b86b-a06c8c428148": {
    "player": {
      "x": 345.25692603699434,
      "y": 226.71960646232725,
      "coins": 1500000,
      "speed": 0.6,
      "vision": 5
    }
  }
}